[
{
"email": "AppleDeVnguhz@wwjmp.com",
"password": "SIK890LEON",
"deviceId": "4234F12B8B9586C311022AB3664015D3A75D53D3E23FB16C193A2B276C9B85631F55E0D2279FC2FDBC",
"SID": "AnsiMSI6IG51bGwsICIwIjogMiwgIjMiOiAwLCAiMiI6ICJkYjlkZjczZi04MTNhLTQxZGUtYTMyNC04NTIyMmNlMmYzYzgiLCAiNSI6IDE2NTc3NDk0NjYsICI0IjogIjQ2LjIxMS44My4zOSIsICI2IjogMTAwfWDtNodw0Lq9gEZblY9yBMLvRbt8"
},
{
"email": "AppleDeVhrhue@wwjmp.com",
"password": "SIK890LEON",
"deviceId": "42FB203FD5E5AFBAD6B8DF04480C2D8B9D3976224CF685187F43F2977065D0EE97D27DDBB7F043BDEC",
"SID": "AnsiMSI6IG51bGwsICIwIjogMiwgIjMiOiAwLCAiMiI6ICI4N2Y0ZjhmZS0xODhmLTQ0MzItYTZlNC00MzZlNWYzYTQyOWUiLCAiNSI6IDE2NTc3NDk1MjcsICI0IjogIjQ2LjIxMS44My4zOSIsICI2IjogMTAwfXWsWM5eP-EA0ow1K68625M3alCZ"
},
{
"email": "AppleDeVkikez@wwjmp.com",
"password": "SIK890LEON",
"deviceId": "4211B4D6810BB7B2704B5081E27F0125A21FE582A1524A9B090D76DC3E92D1A8619286E87212292701",
"SID": "AnsiMSI6IG51bGwsICIwIjogMiwgIjMiOiAwLCAiMiI6ICI4OTRkNmEwMS05ZTJiLTRmODMtYTJkYy1hOTcwNTc3ZGQ3ZWYiLCAiNSI6IDE2NTc3NDk1NTEsICI0IjogIjQ2LjIxMS4yMjQuMzQiLCAiNiI6IDEwMH1Wlz1yflYkOvoqqpRbBsziF_8UMw"
},
{
"email": "AppleDeVzuuir@wwjmp.com",
"password": "SIK890LEON",
"deviceId": "42C09B1382026973D643CF03CBB2261B5EC3E9396C1EAE673D4B46DE069BC859ABF683368543E51EBA",
"SID": "AnsiMSI6IG51bGwsICIwIjogMiwgIjMiOiAwLCAiMiI6ICIzNWQxZjU3Ny0wYTZkLTRlZmQtODc3YS0yMzdmMzc4ZjRjZmYiLCAiNSI6IDE2NTc3NDk1NjksICI0IjogIjQ2LjIxMS4yMjQuMzQiLCAiNiI6IDEwMH1OHQ9_jm3olkgizE8zt2oRAHc5nQ"
},
{
"email": "AppleDeVehnrz@wwjmp.com",
"password": "SIK890LEON",
"deviceId": "422278AB6C736CB79A92C727D723DBF8BDD2DAC6D639ECC5D0CC6B1609B747EDB3FB96B4C771A78545",
"SID": "AnsiMSI6IG51bGwsICIwIjogMiwgIjMiOiAwLCAiMiI6ICJhYmQ0MGNhYy1jZjYxLTQxZTYtOTU3NC00NTk0NGQ5MmU3Y2IiLCAiNSI6IDE2NTc3NDk2MDcsICI0IjogIjQ2LjIxMS4yMjQuMzQiLCAiNiI6IDEwMH0LiWFFC1G8uJUXf164iGZkqBs0fg"
}
]